{"cameraMode":{"drawMode":0,"name":"Shaded","section":"Shading Mode"},"sceneLighting":true,"audioPlay":false,"sceneViewState":{"m_AlwaysRefresh":false,"showFog":true,"showSkybox":true,"showFlares":true,"showImageEffects":true,"showParticleSystems":true,"showVisualEffectGraphs":true,"m_FxEnabled":true},"in2DMode":false,"pivot":{"x":-25.587846755981447,"y":-0.19887204468250276,"z":10.29977035522461},"rotation":{"x":-0.0871579572558403,"y":0.030792448669672014,"z":-0.002695063827559352,"w":-0.9957243204116821},"size":6.2478790283203129,"orthographic":false}